ensembl_gene_id	external_gene_name	description	baseMean	log2FoldChange	lfcSE	stat	pvalue	padj
ENSDARG00000001303	psmb8a	proteasome 20S subunit beta 8A [Source:ZFIN;Acc:ZDB-GENE-990415-141]	86.9805055435142	2.11350716998512	0.473397208805378	4.46455350955399	8.02358950795059e-06	0.000772065162062285
ENSDARG00000001656	psmb13a	proteasome 20S subunit beta 13a [Source:ZFIN;Acc:ZDB-GENE-001208-2]	54.2485769495124	3.37442925764702	0.592506662805897	5.69517520978911	1.23245290175496e-08	1.72127893553103e-06
ENSDARG00000004952	rsad2	radical S-adenosyl methionine domain containing 2 [Source:NCBI gene;Acc:570456]	1600.07147767221	7.73549587054159	0.529875780723047	14.5986968115169	2.86265125263523e-48	2.49878783091634e-45
ENSDARG00000004953	mxb	myxovirus (influenza) resistance B [Source:NCBI gene;Acc:360143]	601.724554299075	8.18598284449271	0.910566023335506	8.98999373434398	2.4724452735666e-19	7.64924492800523e-17
ENSDARG00000007199	CR846090.1		210.271819474269	11.233285347982	1.80011698684336	6.24030850777119	4.36708717876764e-10	7.21189038758513e-08
ENSDARG00000007467	ifit10	interferon-induced protein with tetratricopeptide repeats 10 [Source:ZFIN;Acc:ZDB-GENE-121214-248]	215.799717248006	8.40581917241131	0.837334203994351	10.0387863439865	1.0293277798799e-23	3.99330162984835e-21
ENSDARG00000008098	ifit9	interferon-induced protein with tetratricopeptide repeats 9 [Source:ZFIN;Acc:ZDB-GENE-121214-233]	64.9439736994465	6.6698090042913	0.821830015685388	8.11580117176521	4.8259027370367e-16	1.20357029383586e-13
ENSDARG00000009673	si:ch211-197g15.6	si:ch211-197g15.6 [Source:ZFIN;Acc:ZDB-GENE-050208-457]	61.1037122318309	2.41788499090725	0.428915502987729	5.63720586937243	1.72831451393979e-08	2.35190579994294e-06
ENSDARG00000009702	ascl1b	si:ch211-210p4.6 [Source:NCBI gene;Acc:560440]	535.230057350468	2.78131919692818	0.229087180944201	12.140876610663	6.4135218413934e-34	3.82324115428039e-31
ENSDARG00000010729	CABZ01073795.1	interferon-induced protein 44 [Source:NCBI gene;Acc:795887]	666.574261546069	5.48792223281171	0.765904531106702	7.16528236865484	7.76263844075532e-13	1.56798881099588e-10
ENSDARG00000012600	si:dkey-97a13.6	si:dkey-97a13.6 [Source:ZFIN;Acc:ZDB-GENE-070912-617]	746.604923363962	2.56564833537149	0.19839712887681	12.9318823810428	2.97446044200319e-38	2.27183711446875e-35
ENSDARG00000014427	mxe	myxovirus (influenza virus) resistance E [Source:NCBI gene;Acc:337663]	697.551103711322	8.64634954876918	0.533312163276252	16.212548942542	4.11156191488105e-59	5.91121675068281e-56
ENSDARG00000014657	casp23	caspase 23, apoptosis-related cysteine peptidase [Source:ZFIN;Acc:ZDB-GENE-071004-27]	64.9878901437365	2.52070908843711	0.542850438465919	4.64346882644244	3.42607706712764e-06	0.000348903123323611
ENSDARG00000016527	helz2	helicase with zinc finger 2, transcriptional coactivator [Source:ZFIN;Acc:ZDB-GENE-120920-1]	1407.22990114589	5.3951038338838	0.240988119199885	22.3874266158693	5.21862455263412e-111	2.88427708286309e-107
ENSDARG00000017489	ifi45	interferon alpha inducible protein 45 [Source:ZFIN;Acc:ZDB-GENE-051030-98]	1964.19695053973	5.01444805043853	0.456848220447437	10.976179453052	4.97522871300287e-28	2.2109011813546e-25
ENSDARG00000018553	ifih1	interferon induced with helicase C domain 1 [Source:ZFIN;Acc:ZDB-GENE-081104-438]	257.734592951245	2.14933507006859	0.257597517499824	8.34377245141757	7.1957387896734e-17	1.99853467907281e-14
ENSDARG00000018587	zgc:152658	zgc:152658 [Source:ZFIN;Acc:ZDB-GENE-060929-68]	198.884400810982	6.1862832738919	0.478525967478765	12.9277901186552	3.13706534970032e-38	2.32342467309169e-35
ENSDARG00000021572	cgas	cyclic GMP-AMP synthase [Source:ZFIN;Acc:ZDB-GENE-090313-23]	119.521233015282	4.4850133001128	1.01119124807668	4.43537590801291	9.19117642223919e-06	0.000868861805516947
ENSDARG00000021677	phf11	PHD finger protein 11 [Source:ZFIN;Acc:ZDB-GENE-081104-417]	355.267615589767	3.47526816339287	0.270478723524518	12.848582387952	8.76008547699483e-38	6.29721321009502e-35
ENSDARG00000021688	mxa	myxovirus (influenza) resistance A [Source:NCBI gene;Acc:360142]	420.288696683092	6.97372776783711	0.629718665789036	11.0743545438645	1.67079735105599e-28	7.56221445502952e-26
ENSDARG00000024815	ogfrl2	opioid growth factor receptor-like 2 [Source:ZFIN;Acc:ZDB-GENE-030616-523]	908.31925377501	3.81988280764605	1.02645942300224	3.72141628012285	0.00019810854718613	0.0129464465288134
ENSDARG00000025607	ifnphi1	interferon phi 1 [Source:ZFIN;Acc:ZDB-GENE-030721-3]	22.7928273835982	3.72864387040118	0.706259551480767	5.27942434560154	1.29590371402829e-07	1.6077757702825e-05
ENSDARG00000026704	ftr72	finTRIM family, member 72 [Source:ZFIN;Acc:ZDB-GENE-041114-86]	363.23999415066	4.70852357902003	0.304149860218598	15.4809329047067	4.66656289204046e-54	5.18433925656186e-51
ENSDARG00000027658	irf10	interferon regulatory factor 10 [Source:ZFIN;Acc:ZDB-GENE-040426-2084]	130.434822926115	2.91840981057661	0.374995324825183	7.78252318728806	7.10921684763772e-15	1.68695503857392e-12
ENSDARG00000029720	si:dkeyp-9d4.2	si:dkeyp-9d4.2 [Source:ZFIN;Acc:ZDB-GENE-090312-156]	121.79366412193	4.67526939352147	0.759582999082876	6.15504743940611	7.50550254915661e-10	1.17591017823036e-07
ENSDARG00000030954	ftr56	finTRIM family, member 56 [Source:ZFIN;Acc:ZDB-GENE-030131-2801]	291.174762371374	2.85774339590808	0.349627764396126	8.17367408118731	2.99137224257107e-16	7.61584676882079e-14
ENSDARG00000031359	cmpk2	cytidine monophosphate (UMP-CMP) kinase 2, mitochondrial [Source:ZFIN;Acc:ZDB-GENE-040724-24]	469.082680203126	7.3347283494196	0.586775941081726	12.5000495690024	7.46047531652257e-36	5.06504103364244e-33
ENSDARG00000031647	stat2	signal transducer and activator of transcription 2 [Source:ZFIN;Acc:ZDB-GENE-080321-1]	1810.14890835522	2.40522842309364	0.162927137114658	14.7626016493556	2.55241598122929e-49	2.31050366656389e-46
ENSDARG00000031885	psmb12	proteasome 20S subunit beta 12 [Source:ZFIN;Acc:ZDB-GENE-001208-1]	45.9824431338093	2.20467007400178	0.499886607315126	4.41034034867026	1.03208274872182e-05	0.000955497517481439
ENSDARG00000035632	ccl19a.2	chemokine (C-C motif) ligand 19a, tandem duplicate 2 [Source:ZFIN;Acc:ZDB-GENE-081022-55]	15.8034615713087	5.00814019044375	1.10461076321123	4.53385061710292	5.79179980199041e-06	0.000570795882905031
ENSDARG00000036787	tap2a	transporter associated with antigen processing, subunit type a [Source:ZFIN;Acc:ZDB-GENE-030616-245]	53.1203493542532	3.26373114583137	0.571900830617118	5.70681308909728	1.15111067741592e-08	1.61691356705301e-06
ENSDARG00000037805	lgals3bpa	lectin, galactoside-binding, soluble, 3 binding protein a [Source:NCBI gene;Acc:677742]	372.656244115921	5.27516556723432	1.09765271662424	4.80586025738426	1.54087501828987e-06	0.000168127349651887
ENSDARG00000038646	ftr11	finTRIM family, member 11 [Source:ZFIN;Acc:ZDB-GENE-070912-195]	96.7541651656327	6.95490731509121	1.07123451697873	6.49242271870271	8.44668512747713e-11	1.46415199433098e-08
ENSDARG00000039243	zgc:152791	zgc:152791 [Source:ZFIN;Acc:ZDB-GENE-060901-4]	2614.19923494487	7.9164508859271	0.505124124495104	15.6722882595243	2.34000801410878e-55	2.85960679364164e-52
ENSDARG00000039852	ftr93	finTRIM family, member 93 [Source:ZFIN;Acc:ZDB-GENE-131126-26]	128.710843340394	3.25583044273792	0.3384510917799	9.61979595224718	6.59618820410011e-22	2.4062303865136e-19
ENSDARG00000040528	lgals3bpb	lectin, galactoside-binding, soluble, 3 binding protein b [Source:NCBI gene;Acc:405809]	825.204367347229	2.51679225746486	0.532889157856193	4.72291886663615	2.32483613274307e-06	0.000244919482415402
ENSDARG00000041911	si:ch211-245h14.1	si:ch211-245h14.1 [Source:ZFIN;Acc:ZDB-GENE-041014-350]	366.793878671981	2.05198623593152	0.241623826105465	8.49248300139018	2.02268400278158e-17	5.68234709333156e-15
ENSDARG00000042221	mthfd1l	methylenetetrahydrofolate dehydrogenase (NADP+ dependent) 1 like [Source:ZFIN;Acc:ZDB-GENE-041001-133]	45.4196556898662	2.10504009140739	0.430304201859794	4.8919812595585	9.98259517714174e-07	0.000109902976902937
ENSDARG00000042496	parp12a	poly (ADP-ribose) polymerase family, member 12a [Source:ZFIN;Acc:ZDB-GENE-050419-6]	457.750944511521	3.10634999079846	0.277109723518621	11.2098195305288	3.64936694242249e-29	1.74890543999506e-26
ENSDARG00000043584	ifit15	interferon-induced protein with tetratricopeptide repeats 15 [Source:ZFIN;Acc:ZDB-GENE-030131-1055]	537.664356397135	8.26947082040839	0.464565713464318	17.8004329220554	7.01246916296892e-71	1.31839814470864e-67
ENSDARG00000043586	fas	Fas cell surface death receptor [Source:ZFIN;Acc:ZDB-GENE-061019-2]	115.466537956835	2.74198847998823	0.3558304530971	7.70588480025342	1.29939808045072e-14	2.99609325323548e-12
ENSDARG00000045661	irf7	interferon regulatory factor 7 [Source:ZFIN;Acc:ZDB-GENE-040426-1518]	2097.06243825909	5.3217463807173	0.617960615820351	8.61178891417312	7.1929197282088e-18	2.04421105903664e-15
ENSDARG00000052332	ftr98	finTRIM family, member 98 [Source:ZFIN;Acc:ZDB-GENE-081105-171]	70.1577620663548	2.09376698361714	0.470037443432056	4.4544684958057	8.4101276648455e-06	0.000799812958196455
ENSDARG00000052336	ociad2	OCIA domain containing 2 [Source:ZFIN;Acc:ZDB-GENE-041014-253]	1199.51742660864	2.21998043555778	0.21552168710943	10.3004967404074	7.00983838399047e-25	2.80864688431329e-22
ENSDARG00000052396	pkz	protein kinase containing Z-DNA binding domains [Source:ZFIN;Acc:ZDB-GENE-050301-2]	479.261814315141	5.11645355463226	0.32239194725021	15.8702895598734	1.01770288368699e-56	1.38187089889965e-53
ENSDARG00000053136	b2m	beta-2-microglobulin [Source:NCBI gene;Acc:30400]	311.01632826969	2.39146663064898	0.672559641687537	3.55576886036231	0.000376875311181122	0.0225764938249456
ENSDARG00000053293	ftr14	finTRIM family, member 14 [Source:ZFIN;Acc:ZDB-GENE-060512-201]	288.997134760127	2.08329208819079	0.250043793844094	8.33170884253081	7.96837205904547e-17	2.16394423883478e-14
ENSDARG00000053387	CU207281.1		136.972529470059	6.74447843408961	0.602812245413454	11.1883567153878	4.64970947895268e-29	2.18545287259774e-26
ENSDARG00000054153	ftr50	finTRIM family, member 50 [Source:ZFIN;Acc:ZDB-GENE-080215-17]	28.1256496794154	2.64049656026025	0.682630353668772	3.86812063962436	0.000109677402829816	0.00768087507897862
ENSDARG00000054418	ssuh2.2	ssu-2 homolog, tandem duplicate 2 [Source:ZFIN;Acc:ZDB-GENE-060421-4694]	143.428202495943	4.22726989425063	0.34453065713132	12.269648017533	1.31825157189445e-34	8.47878596544008e-32
ENSDARG00000054805	btr09	bloodthirsty-related gene family, member 9 [Source:ZFIN;Acc:ZDB-GENE-080722-46]	206.674035488111	3.02680507184947	0.315027911574459	9.60805363792047	7.39332781746673e-22	2.65735772333389e-19
ENSDARG00000055476	CR352329.1	tripartite motif-containing protein 16-like [Source:NCBI gene;Acc:100006839]	69.0802125365673	3.4159090938286	0.411792540095184	8.29521849288241	1.0838580398147e-16	2.84844885495817e-14
ENSDARG00000055550	casp21	caspase 21, apoptosis-related cysteine peptidase [Source:ZFIN;Acc:ZDB-GENE-190425-1]	59.3846707144473	2.44121952528132	0.454880475723711	5.36672742745743	8.01780834530371e-08	1.04235773280621e-05
ENSDARG00000056065	mov10b.2	Moloney leukemia virus 10b, tandem duplicate 2 [Source:NCBI gene;Acc:555950]	212.279698359216	5.95972598173845	0.409937697492082	14.5381262035643	6.94682787635017e-48	5.85473862503016e-45
ENSDARG00000056798	zgc:123297	zgc:123297 [Source:ZFIN;Acc:ZDB-GENE-051127-9]	27.7515228408529	2.68351694443552	0.507318818404521	5.28960654933908	1.22579757817003e-07	1.54431539216772e-05
ENSDARG00000056804	si:dkey-40g16.6	si:dkey-40g16.6 [Source:ZFIN;Acc:ZDB-GENE-030131-9110]	209.472852744021	5.59750473233586	0.818006459879581	6.84286128151099	7.76268146422205e-12	1.45944382820809e-09
ENSDARG00000056976	ifit16	interferon-induced protein with tetratricopeptide repeats 16 [Source:ZFIN;Acc:ZDB-GENE-131120-86]	184.480412197611	6.26895077660793	0.458491279026915	13.6729989497574	1.47201191880273e-42	1.16056268733734e-39
ENSDARG00000057173	ifit8	interferon-induced protein with tetratricopeptide repeats 8 [Source:ZFIN;Acc:ZDB-GENE-051127-17]	425.57923672972	11.2876857086338	1.21167707000709	9.31575416259037	1.21089198168959e-20	4.11047373951047e-18
ENSDARG00000058389	ccl19a.1	chemokine (C-C motif) ligand 19a, tandem duplicate 1 [Source:ZFIN;Acc:ZDB-GENE-060526-181]	475.733646340977	2.31130965963516	0.277121835924086	8.34040974045913	7.40335538771773e-17	2.03309448349673e-14
ENSDARG00000058672	nuggc.3	nuclear GTPase, germinal center associated, tandem duplicate 3 [Source:ZFIN;Acc:ZDB-GENE-061207-67]	64.3530266301	4.71673791466468	1.11227362496939	4.24062731397996	2.22895963736347e-05	0.00191823952453523
ENSDARG00000060322	zgc:153654	zgc:153654 [Source:ZFIN;Acc:ZDB-GENE-060929-1102]	76.5416341294146	3.44201602497293	0.55472272682311	6.20493060503455	5.47210435707277e-10	8.97608742222923e-08
ENSDARG00000061177	mov10b.1	Moloney leukemia virus 10b, tandem duplicate 1 [Source:NCBI gene;Acc:556024]	1647.3602992593	3.86991275793777	0.219948903805442	17.5945989772285	2.70967009949486e-69	4.73050335012528e-66
ENSDARG00000061222	uba7	ubiquitin-like modifier activating enzyme 7 [Source:ZFIN;Acc:ZDB-GENE-121120-4]	264.098844855871	2.93915806372666	0.359926902264776	8.1659860522582	3.18820114193734e-16	8.03328083609181e-14
ENSDARG00000067661	ftr80	finTRIM family, member 80 [Source:ZFIN;Acc:ZDB-GENE-090511-1]	89.7822025535866	6.31819619488462	0.697296411011759	9.06099055596326	1.29271201482728e-19	4.10326939667447e-17
ENSDARG00000067872	CU469531.1		33.8005434890048	2.40029652372949	0.431861683959108	5.55802149828315	2.72849785206662e-08	3.66413274738243e-06
ENSDARG00000068865	si:dkey-61p9.7	si:dkey-61p9.7 [Source:ZFIN;Acc:ZDB-GENE-041210-241]	29.7283094736669	2.67334338298542	0.671113216747358	3.98344618504482	6.79230580121705e-05	0.00518783581523581
ENSDARG00000068939	xaf1	XIAP associated factor 1 [Source:ZFIN;Acc:ZDB-GENE-060929-840]	502.750732575686	3.78923444760854	0.493876855358306	7.67242766389501	1.68771141084471e-14	3.81938468448663e-12
ENSDARG00000069244	si:ch211-244b2.3	si:ch211-244b2.3 [Source:ZFIN;Acc:ZDB-GENE-030131-4737]	342.434393691079	2.28776390696334	0.307992806670637	7.42797837291649	1.10269981958482e-13	2.42802579193447e-11
ENSDARG00000069941	tdp2a	tyrosyl-DNA phosphodiesterase 2a [Source:ZFIN;Acc:ZDB-GENE-110218-1]	180.576075127167	6.68328232085948	0.548912100663627	12.1755055368236	4.19785022402751e-34	2.56499143313641e-31
ENSDARG00000070012	sesn2	sestrin 2 [Source:ZFIN;Acc:ZDB-GENE-070108-1]	294.45813970679	2.28503832894147	0.336619910746551	6.78818529739891	1.13552751300677e-11	2.10253242010595e-09
ENSDARG00000070317	irge4	immunity-related GTPase family, e4 [Source:ZFIN;Acc:ZDB-GENE-051212-2]	131.2362900829	4.22281098645218	0.420867577723752	10.033585882978	1.08502941961821e-23	4.14362563201387e-21
ENSDARG00000071001	nuggc.1	nuclear GTPase, germinal center associated, tandem duplicate 1 [Source:ZFIN;Acc:ZDB-GENE-050208-148]	55.4293679414027	4.18044985967965	1.05573475253644	3.95975395300378	7.50270231759277e-05	0.00564226299520876
ENSDARG00000071012	ifit14	interferon-induced protein with tetratricopeptide repeats 14 [Source:ZFIN;Acc:ZDB-GENE-131120-20]	638.740554971046	8.80940354322666	0.506917321474032	17.3783833576852	1.20297122864396e-67	1.96012131995246e-64
ENSDARG00000071355	si:ch211-197g15.7	si:ch211-197g15.7 [Source:ZFIN;Acc:ZDB-GENE-030131-4763]	24.2973979430594	2.24595039886014	0.577870410219874	3.88659872376157	0.000101658593818873	0.00726502248984521
ENSDARG00000071543	si:dkey-42i9.7	si:dkey-42i9.7 [Source:ZFIN;Acc:ZDB-GENE-050208-731]	128.48472807926	6.86816677175387	0.8892339032195	7.72368973662324	1.13009724485023e-14	2.65583718859467e-12
ENSDARG00000073735	ftr95	finTRIM family, member 95 [Source:ZFIN;Acc:ZDB-GENE-070912-105]	15.4664478324397	2.36367494152647	0.606256758564435	3.89880179995593	9.66698599494387e-05	0.00696964025670865
ENSDARG00000073789	zmp:0000000735	zmp:0000000735 [Source:ZFIN;Acc:ZDB-GENE-130530-738]	391.9038894599	4.14145648698016	0.279275368262238	14.8292937997001	9.47242246277111e-50	8.90444143894572e-47
ENSDARG00000073994	si:ch211-276k2.1	si:ch211-276k2.1 [Source:ZFIN;Acc:ZDB-GENE-081022-201]	278.379834030262	11.6380908386023	1.61944735216365	7.1864582834714	6.64935937646118e-13	1.35430827100073e-10
ENSDARG00000074052	si:ch211-281g13.5	si:ch211-281g13.5 [Source:ZFIN;Acc:ZDB-GENE-090311-7]	216.092295058359	6.8065406065007	0.734043730963055	9.27266362941431	1.81554256055368e-20	6.07858571540992e-18
ENSDARG00000074136	slc47a2.2	solute carrier family 47 member 2.2 [Source:ZFIN;Acc:ZDB-GENE-070615-14]	217.722647790985	7.24672189400491	0.799417504957411	9.06500276647179	1.24601090478089e-19	4.00707270049337e-17
ENSDARG00000074217	si:dkey-188i13.6	si:dkey-188i13.6 [Source:ZFIN;Acc:ZDB-GENE-030131-7410]	751.360445527166	3.98562382366807	0.493952627086603	8.06883819441512	7.0970244575406e-16	1.71740965115594e-13
ENSDARG00000074754	si:dkey-188i13.9	si:dkey-188i13.9 [Source:ZFIN;Acc:ZDB-GENE-090313-211]	577.332451674289	6.65093828462832	0.617147090111896	10.7769094129933	4.4250422688001e-27	1.89741154546918e-24
ENSDARG00000075045	cxcl18b	chemokine (C-X-C motif) ligand 18b [Source:ZFIN;Acc:ZDB-GENE-090313-165]	207.103001331611	2.30952052981399	0.672603999932434	3.43370026054854	0.000595402202118193	0.0330732391408426
ENSDARG00000075151	si:dkey-188i13.10	si:dkey-188i13.10 [Source:ZFIN;Acc:ZDB-GENE-090313-208]	365.675359086882	3.02627958930579	0.287060285833824	10.5423137182329	5.51257075262028e-26	2.2836057926236e-23
ENSDARG00000075389	si:ch211-281g13.4	si:ch211-281g13.4 [Source:ZFIN;Acc:ZDB-GENE-090311-16]	366.668959550466	6.15594748799469	0.397583713632898	15.4833995380371	4.49100253043462e-54	5.18433925656186e-51
ENSDARG00000075504	si:dkey-40c23.2	si:dkey-40c23.2 [Source:ZFIN;Acc:ZDB-GENE-030131-5958]	101.498725890123	2.04743003749013	0.334833859091987	6.11476402966658	9.66999435663712e-10	1.48644234006647e-07
ENSDARG00000075626	zgc:172090	zgc:172090 [Source:ZFIN;Acc:ZDB-GENE-080204-40]	37.1949336896721	3.13447369685941	0.697387998887222	4.4945908186847	6.97038500292509e-06	0.00067604436450989
ENSDARG00000075641	steap3	STEAP family member 3, metalloreductase [Source:ZFIN;Acc:ZDB-GENE-081104-268]	64.9871684818421	3.42258637676988	0.36338003760148	9.41875178218633	4.56482159027393e-21	1.57139161250542e-18
ENSDARG00000075643	ifi35	interferon-induced protein 35 [Source:ZFIN;Acc:ZDB-GENE-100311-2]	400.263468206595	2.31308993363526	0.278913293594208	8.29322225494415	1.10221116673922e-16	2.86586629002907e-14
ENSDARG00000075757	gig2e	grass carp reovirus (GCRV)-induced gene 2e [Source:ZFIN;Acc:ZDB-GENE-130517-2]	655.71453514007	4.46585745852817	0.195662328466738	22.8243090712648	2.63060918460296e-115	2.14315730269603e-111
ENSDARG00000075785	si:ch73-190m4.1	si:ch73-190m4.1 [Source:ZFIN;Acc:ZDB-GENE-090311-56]	367.525951701428	6.1038341841574	0.340419263535004	17.9303430739306	6.83565929441587e-72	1.39225290679015e-68
ENSDARG00000075926	igfn1.2	immunoglobulin like and fibronectin type III domain containing 1, tandem duplicate 2 [Source:ZFIN;Acc:ZDB-GENE-130530-789]	22.1978405350071	2.08006917657427	0.616061405069199	3.37639910479481	0.000734413024307665	0.0387469781701285
ENSDARG00000076182	stat1b	signal transducer and activator of transcription 1b [Source:ZFIN;Acc:ZDB-GENE-030616-23]	1928.45223402689	5.90545604065975	0.282323907593944	20.9173076803447	3.72561825341453e-97	1.30082622473864e-93
ENSDARG00000076251	irf3	interferon regulatory factor 3 [Source:ZFIN;Acc:ZDB-GENE-071120-7]	255.813857559331	3.39792718744595	0.270959190611237	12.5403651368341	4.48922305449343e-36	3.13488859071069e-33
ENSDARG00000076483	dhrs13b.2	dehydrogenase/reductase (SDR family) member 13b.2 [Source:ZFIN;Acc:ZDB-GENE-080303-14]	25.5768841051542	3.16419629624543	0.627017812103124	5.04642170472347	4.50161240563844e-07	5.21440326095778e-05
ENSDARG00000077559	LO017815.1	nuclear receptor coactivator 7-like [Source:NCBI gene;Acc:792958]	45.0510592583919	3.26218735902501	0.528008220316481	6.17828896123946	6.48000327723395e-10	1.02842701362906e-07
ENSDARG00000078182	zgc:194443	zgc:194443 [Source:ZFIN;Acc:ZDB-GENE-080723-6]	29.8282925221912	5.94759884787493	1.00509503865398	5.91744921538958	3.2697277141597e-09	4.75686994415341e-07
ENSDARG00000078206	zgc:171506	zgc:171506 [Source:ZFIN;Acc:ZDB-GENE-080204-96]	54.0831905778387	5.03873540791412	0.723567650370055	6.96373781406225	3.31361048166767e-12	6.37302900695402e-10
ENSDARG00000078389	ifi46	interferon alpha inducible protein 46 [Source:ZFIN;Acc:ZDB-GENE-090312-190]	954.39367947168	4.69061307871116	0.283306975957447	16.5566451827	1.43368292628181e-61	2.19004027507835e-58
ENSDARG00000079537	ftr13	finTRIM family, member 13 [Source:ZFIN;Acc:ZDB-GENE-070912-395]	76.1590688496939	2.02395765562868	0.27500291340064	7.35976804972992	1.84230064185962e-13	3.98474955643282e-11
ENSDARG00000086374	isg15	ISG15 ubiquitin like modifier [Source:ZFIN;Acc:ZDB-GENE-021211-1]	1720.18550031937	7.93184053494005	0.518993425088697	15.2831233528334	9.90761129905913e-53	1.00896636566793e-49
ENSDARG00000086903	gig2o	grass carp reovirus (GCRV)-induced gene 2o [Source:ZFIN;Acc:ZDB-GENE-130517-8]	153.231724872747	2.41045837147134	0.321625279701228	7.49461725679809	6.64921028334296e-14	1.47739407759259e-11
ENSDARG00000087012	BX004816.2		10.7821739905192	3.98193666093548	1.11700616940628	3.56482960434497	0.00036409264834113	0.0221362895972775
ENSDARG00000087057	ftr36	finTRIM family, member 36 [Source:ZFIN;Acc:ZDB-GENE-070912-483]	14.5636754419601	2.73984424529907	0.688149036382411	3.9814692754674	6.84905755453545e-05	0.00521488522400003
ENSDARG00000087575	zmp:0000000912	zmp:0000000912 [Source:ZFIN;Acc:ZDB-GENE-130530-915]	555.299932226825	6.90192449443688	0.378635919416893	18.2283933998285	3.07214144394333e-74	6.82601900285626e-71
ENSDARG00000088040	si:dkeyp-27c8.2	si:dkeyp-27c8.2 [Source:ZFIN;Acc:ZDB-GENE-090311-51]	289.875623539005	3.73029178731638	0.561063275801478	6.64861157057137	2.95870662017373e-11	5.20242794990404e-09
ENSDARG00000088078	usp18	ubiquitin specific peptidase 18 [Source:ZFIN;Acc:ZDB-GENE-100210-2]	156.881192003137	3.30944937310147	0.275317293274583	12.0204921882653	2.77314671725989e-33	1.5762436957337e-30
ENSDARG00000088251	lgals17	galectin 17 [Source:ZFIN;Acc:ZDB-GENE-131121-418]	2023.73264174159	9.39836418191769	0.595904062100956	15.771606168923	4.87929848865197e-56	6.27657549269173e-53
ENSDARG00000088260	gig2p	grass carp reovirus (GCRV)-induced gene 2p [Source:ZFIN;Acc:ZDB-GENE-070705-490]	62.1250715909835	2.20817472410813	0.425808298115714	5.18584239405325	2.15040611968536e-07	2.60188494907079e-05
ENSDARG00000089432	si:ch211-212k18.15	si:ch211-212k18.15 [Source:ZFIN;Acc:ZDB-GENE-160728-58]	91.6525591575484	3.18649486693691	0.432577731520808	7.36629427440518	1.75436334986956e-13	3.82842809233589e-11
ENSDARG00000089463	dhx58	DEXH (Asp-Glu-X-His) box polypeptide 58 [Source:ZFIN;Acc:ZDB-GENE-120612-3]	1269.64483722188	5.51865688863508	0.268042784163323	20.5887164836807	3.46424828627207e-94	1.0583711545597e-90
ENSDARG00000089661	FO704622.1	interferon-induced protein 44-like [Source:NCBI gene;Acc:100538089]	249.712642563955	3.87946323117936	0.254051720481069	15.270367875617	1.20491415182962e-52	1.17797227139471e-49
ENSDARG00000090741	tor1l2	torsin family 1 like 2 [Source:ZFIN;Acc:ZDB-GENE-121107-3]	19.08440155198	2.54624050239126	0.747229596597935	3.4075744777563	0.000655430188463851	0.0358375150698993
ENSDARG00000090977	ifit12	interferon-induced protein with tetratricopeptide repeats 12 [Source:ZFIN;Acc:ZDB-GENE-120406-2]	33.5330034703614	2.64774883815422	0.556581307900061	4.7571644979311	1.96331178650477e-06	0.000209542809493289
ENSDARG00000091951	nuggc.2	nuclear GTPase, germinal center associated, tandem duplicate 2 [Source:ZFIN;Acc:ZDB-GENE-060503-185]	29.0269523456336	4.11194911533188	0.796955719430269	5.15957036894276	2.47517180141345e-07	2.98008246297271e-05
ENSDARG00000092044	si:dkey-22f5.9	si:dkey-22f5.9 [Source:ZFIN;Acc:ZDB-GENE-091204-260]	62.607674382369	2.3365477676165	0.349520625482683	6.68500682725023	2.30913878582127e-11	4.11953730396041e-09
ENSDARG00000092191	CR318588.1		8177.63482628163	8.63734368641725	0.756713277193699	11.4142885379905	3.54795236597382e-30	1.8450107186546e-27
ENSDARG00000092259	si:dkey-211g8.5	si:dkey-211g8.5 [Source:ZFIN;Acc:ZDB-GENE-060503-718]	137.224713402315	7.74031446230723	1.15560652955229	6.69805358862587	2.11213818064864e-11	3.79579185832599e-09
ENSDARG00000092310	si:ch211-199g17.2	si:ch211-199g17.2 [Source:ZFIN;Acc:ZDB-GENE-060503-396]	277.030838512357	2.47936751126251	0.349438932025938	7.0952812752944	1.29088665799613e-12	2.58611154164619e-10
ENSDARG00000092584	si:ch1073-385f13.3	si:ch1073-385f13.3 [Source:ZFIN;Acc:ZDB-GENE-131127-357]	78.7981975908352	2.19130683996175	0.30095987923016	7.28105967335911	3.31208125832541e-13	6.91885282348131e-11
ENSDARG00000092634	CABZ01000634.1	interferon-induced protein 44 [Source:NCBI gene;Acc:103909973]	11.4230577980389	7.02604204119057	1.34742327976859	5.21442826963569	1.84385032935935e-07	2.26460029647597e-05
ENSDARG00000092725	si:dkey-188i13.8	si:dkey-188i13.8 [Source:ZFIN;Acc:ZDB-GENE-090312-93]	174.71053492237	4.74111158630963	0.834294264919532	5.68278098707404	1.32521931870193e-08	1.84032303229511e-06
ENSDARG00000092878	si:dkeyp-85e10.3	si:dkeyp-85e10.3 [Source:ZFIN;Acc:ZDB-GENE-061207-90]	13.4441552116325	3.73448683041705	1.06172981517828	3.51736079841555	0.000435860894563391	0.0253037437625269
ENSDARG00000093006	rarres3	retinoic acid receptor responder 3 [Source:ZFIN;Acc:ZDB-GENE-060929-616]	276.002621825776	3.0023721663357	0.249461860482764	12.0353955531537	2.31521682014263e-33	1.347290816693e-30
ENSDARG00000093360	CU469531.2		60.5468888677069	3.09039269131817	0.377881829529278	8.17819871140093	2.88118356171805e-16	7.4125270981001e-14
ENSDARG00000093857	si:dkey-79f11.10	si:dkey-79f11.10 [Source:ZFIN;Acc:ZDB-GENE-050302-48]	85.5537211745652	5.3855346688239	0.908851659596031	5.92564761472481	3.11069005898248e-09	4.55259734919705e-07
ENSDARG00000093936	si:dkeyp-1h4.6	si:dkeyp-1h4.6 [Source:ZFIN;Acc:ZDB-GENE-060503-841]	541.176391936041	2.57562985648501	0.255490134633098	10.0811323309364	6.69500764497545e-24	2.63923680404589e-21
ENSDARG00000094104	AL929237.1	si:ch211-213i16.3 [Source:NCBI gene;Acc:100536429]	131.154635625496	4.08022029628158	1.18228057745395	3.45114380976161	0.000558216041853377	0.0316551236170264
ENSDARG00000094284	si:dkey-58f10.10	si:dkey-58f10.10 [Source:ZFIN;Acc:ZDB-GENE-060526-312]	13.7867151594205	2.63815509637752	0.767212600211805	3.43862326511478	0.000584680284328858	0.0326316665465317
ENSDARG00000094316	si:rp71-80o10.4	si:rp71-80o10.4 [Source:ZFIN;Acc:ZDB-GENE-090313-413]	52.9571412083522	2.46346079367414	0.49586350499718	4.96802198356612	6.76392962518053e-07	7.51441836222897e-05
ENSDARG00000094418	si:dkey-27p18.7	si:dkey-27p18.7 [Source:ZFIN;Acc:ZDB-GENE-070424-236]	26.4863150855044	2.07101993168302	0.575739842333431	3.59714541083232	0.000321728644717137	0.0199577913845978
ENSDARG00000094489	si:dkey-58f10.6	si:dkey-58f10.6 [Source:ZFIN;Acc:ZDB-GENE-060526-320]	76.0968419200862	2.71239451063238	0.422695499230088	6.41689943605463	1.39077726216187e-10	2.36055465725683e-08
ENSDARG00000094719	CR318588.3	uncharacterized LOC101884954 [Source:NCBI gene;Acc:101884954]	8516.50351083918	3.37812799182645	0.23521049073208	14.3621484794841	8.94117302563661e-47	7.28437366398615e-44
ENSDARG00000094747	si:ch211-197g15.6	si:ch211-197g15.6 [Source:ZFIN;Acc:ZDB-GENE-050208-457]	89.856123544929	2.67145817265715	0.483568334396648	5.52446879299974	3.30483968633676e-08	4.41385720075174e-06
ENSDARG00000094984	si:ch211-197g15.8	si:ch211-197g15.8 [Source:ZFIN;Acc:ZDB-GENE-050208-377]	78.665305971058	3.26614851713125	0.425628594116982	7.67370557870361	1.67097380736095e-14	3.81684774072047e-12
ENSDARG00000095298	ftr73	finTRIM family, member 73 [Source:ZFIN;Acc:ZDB-GENE-090508-13]	139.229365387602	3.73348293694105	0.394558097574924	9.46244155141711	3.00835234726021e-21	1.05038771027696e-18
ENSDARG00000095309	si:dkey-79f11.9	si:dkey-79f11.9 [Source:ZFIN;Acc:ZDB-GENE-090313-339]	10.8620923639885	4.00916627792969	0.988505356999783	4.0557860911325	4.99659720570193e-05	0.00392674701943926
ENSDARG00000095532	si:dkey-58f10.13	si:dkey-58f10.13 [Source:ZFIN;Acc:ZDB-GENE-060526-315]	27.2161047143065	4.80419640522028	0.775951427136021	6.19136229048796	5.9646436028827e-10	9.59091146697738e-08
ENSDARG00000095673	si:dkey-79f11.8	si:dkey-79f11.8 [Source:ZFIN;Acc:ZDB-GENE-030131-4806]	14.5168804454913	3.38493124460679	0.802488431078872	4.21804366706703	2.46431102347701e-05	0.00209132728211116
ENSDARG00000095864	ftr59	finTRIM family, member 59 [Source:ZFIN;Acc:ZDB-GENE-090508-4]	17.0612297411212	2.42002989737096	0.60739277817519	3.98429152325706	6.76817448196003e-05	0.00518560979666411
ENSDARG00000096311	si:dkey-211g8.8	si:dkey-211g8.8 [Source:ZFIN;Acc:ZDB-GENE-120215-226]	1077.57855392145	10.1568711068702	1.01544688540731	10.0023657099467	1.4879915199544e-23	5.59507703680083e-21
ENSDARG00000096562	wu:fj29h11	wu:fj29h11 [Source:ZFIN;Acc:ZDB-GENE-030131-7558]	4390.90478462363	4.78784383479245	0.15172538162038	31.5559847908094	1.48424447097043e-218	3.62764191149883e-214
ENSDARG00000096863	si:ch73-380l3.4	si:ch73-380l3.4 [Source:ZFIN;Acc:ZDB-GENE-131125-97]	69.0891988074127	2.85951893768953	0.468710741434681	6.1008180203782	1.05526997998527e-09	1.61199084880126e-07
ENSDARG00000097653	si:dkey-23k10.3	si:dkey-23k10.3 [Source:ZFIN;Acc:ZDB-GENE-131126-11]	253.987297795986	3.08815117868922	0.645854186146591	4.78149905184371	1.73992824238964e-06	0.00018816631049666
ENSDARG00000097679	ftr90	finTRIM family, member 90 [Source:ZFIN;Acc:ZDB-GENE-131122-80]	84.5428036832347	4.11665653468004	0.389083968163972	10.5803807700069	3.67461826388515e-26	1.54847146530374e-23
ENSDARG00000098004	ftr91	finTRIM family, member 91 [Source:ZFIN;Acc:ZDB-GENE-131125-31]	58.1621195791528	4.55107099196839	0.547039607256732	8.31945426180543	8.83692485142527e-17	2.37344264058995e-14
ENSDARG00000098204	CU984600.2	si:dkeyp-118h9.7 [Source:NCBI gene;Acc:555303]	3232.75867443062	7.10493079144226	0.25673079103868	27.6746344398238	1.41056575466035e-168	1.72378188048268e-164
ENSDARG00000098206	ptrh1	peptidyl-tRNA hydrolase 1 homolog [Source:ZFIN;Acc:ZDB-GENE-050306-33]	76.8703585977349	2.23161757844292	0.331106296852803	6.73988262879522	1.58514627134611e-11	2.89123582223658e-09
ENSDARG00000098540	zc3h7ba	zinc finger CCCH-type containing 7Ba [Source:ZFIN;Acc:ZDB-GENE-030131-4512]	443.400000351109	2.12553628531876	0.239543148222148	8.87329193547867	7.10148525968944e-19	2.14280742261814e-16
ENSDARG00000098716	parp11	poly(ADP-ribose) polymerase family member 11 [Source:ZFIN;Acc:ZDB-GENE-170630-1]	65.8621587756689	4.17085549634835	0.453781598819551	9.19132795864408	3.88021128901161e-20	1.28157086641531e-17
ENSDARG00000098772	gig2d	grass carp reovirus (GCRV)-induced gene 2d [Source:ZFIN;Acc:ZDB-GENE-130517-1]	62.305375197658	4.66148855120177	1.02595301436457	4.54356923361534	5.53096279455446e-06	0.000547296605917837
ENSDARG00000098803	cyp2aa4	cytochrome P450, family 2, subfamily AA, polypeptide 4 [Source:ZFIN;Acc:ZDB-GENE-040625-72]	52.0926740515537	2.10164372413008	0.471495286196549	4.45740134770717	8.29591944817445e-06	0.000792033465753249
ENSDARG00000099073	si:zfos-741a10.4	si:zfos-741a10.4 [Source:ZFIN;Acc:ZDB-GENE-141222-65]	71.4647143544212	3.32065138793526	0.380604103643103	8.72468624523574	2.66919651467883e-18	7.76640857324588e-16
ENSDARG00000099138	btr29	bloodthirsty-related gene family, member 29 [Source:ZFIN;Acc:ZDB-GENE-090512-2]	94.945490055725	4.04638843227472	0.444547866890261	9.10225587309724	8.84747042684447e-20	2.88321366270008e-17
ENSDARG00000099332	ly6m5	lymphocyte antigen 6 family member M5 [Source:ZFIN;Acc:ZDB-GENE-131127-265]	28.4524717906355	2.4529909205782	0.598957334296002	4.09543515058778	4.21376168874424e-05	0.00335467587734847
ENSDARG00000099382	si:ch211-209n20.1	si:ch211-209n20.1 [Source:ZFIN;Acc:ZDB-GENE-070705-98]	79.5591087806973	3.57526785414224	1.03787556803008	3.44479431279824	0.000571494094360857	0.0323330721302632
ENSDARG00000099416	ly6m3	lymphocyte antigen 6 family member M3 [Source:ZFIN;Acc:ZDB-GENE-131127-450]	12.6416182171643	3.16844456475518	0.934896606374331	3.38908553432757	0.000701261322994637	0.0376692922973888
ENSDARG00000099465	rnf213a	Danio rerio ring finger protein 213a (rnf213a), mRNA. [Source:RefSeq mRNA;Acc:NM_001353835]	2190.61976741518	2.72698344253839	0.246124846737839	11.0796755332998	1.57442079236366e-28	7.26045633701137e-26
ENSDARG00000100280	znfx1	zinc finger, NFX1-type containing 1 [Source:ZFIN;Acc:ZDB-GENE-110804-2]	1213.83517092542	4.70719974795654	0.224918944614659	20.9284271541515	2.95072967105013e-97	1.20197973150227e-93
ENSDARG00000100599	c1s	complement component 1, s subcomponent [Source:ZFIN;Acc:ZDB-GENE-030131-1232]	20.3404389665441	2.70181398731917	0.643211827937177	4.20050420401016	2.6632122263002e-05	0.00222916335695216
ENSDARG00000100660	si:ch73-252i11.1	si:ch73-252i11.1 [Source:ZFIN;Acc:ZDB-GENE-141210-7]	662.598621519397	3.12913739657949	0.165173440595156	18.9445554037291	4.89709716464085e-80	1.19689951800987e-76
ENSDARG00000100900	si:ch211-183d5.2	si:ch211-183d5.2 [Source:ZFIN;Acc:ZDB-GENE-141216-406]	77.5891155296529	3.46117189943638	0.533455235980757	6.48821431675146	8.68596665024961e-11	1.49502613308979e-08
ENSDARG00000100904	CABZ01109021.1		1830.69244775338	4.89921823933132	0.246426124274762	19.8810830375628	5.93390545277466e-88	1.61145092412517e-84
ENSDARG00000100942	zgc:194655	zgc:194655 [Source:ZFIN;Acc:ZDB-GENE-081022-137]	68.1452371178935	3.31514490507991	0.906472949101851	3.65719121388522	0.000254994160299935	0.0163577749918391
ENSDARG00000101320	si:dkey-50i6.5	si:dkey-50i6.5 [Source:ZFIN;Acc:ZDB-GENE-081031-53]	622.723233433167	2.97863283086412	0.265480930395954	11.2197619106638	3.26147329976465e-29	1.59427337839096e-26
ENSDARG00000101514	ftr64	finTRIM family, member 64 [Source:ZFIN;Acc:ZDB-GENE-090508-8]	151.021029925983	2.16556141316712	0.301196753846279	7.18985641615632	6.48594939562382e-13	1.33212679981884e-10
ENSDARG00000102375	si:ch211-204c21.1	si:ch211-204c21.1 [Source:ZFIN;Acc:ZDB-GENE-030429-35]	47.2330098978665	2.80844575021639	0.422151050470965	6.6527034507748	2.87757630105083e-11	5.09643785318719e-09
ENSDARG00000102514	BX323596.2	C-X-C motif chemokine 11-6-like [Source:NCBI gene;Acc:100334604]	29.1044249462832	4.47537539527949	0.749117053442059	5.9742003932709	2.31221442341347e-09	3.425020165009e-07
ENSDARG00000103456	cyp2aa11	cytochrome P450, family 2, subfamily AA, polypeptide 11 [Source:ZFIN;Acc:ZDB-GENE-110114-3]	24.5903718581934	2.14919667063348	0.588982519156323	3.64899908016295	0.000263264046609393	0.0168000954652224
ENSDARG00000103551	rnf213b	Danio rerio ring finger protein 213b (rnf213b), mRNA. [Source:RefSeq mRNA;Acc:NM_001353867]	809.79974381192	5.66421976591589	0.253070861780731	22.3819515453484	5.90048910204797e-111	2.88427708286309e-107
ENSDARG00000103766	cyp2aa7	cytochrome P450, family 2, subfamily AA, polypeptide 7 [Source:ZFIN;Acc:ZDB-GENE-071004-48]	1029.71165312657	2.52766626358922	0.220174815970084	11.4802696777667	1.65762686231913e-30	8.80740394390043e-28
ENSDARG00000104350	si:dkey-68o6.6	si:dkey-68o6.6 [Source:ZFIN;Acc:ZDB-GENE-141212-381]	51.2049850317498	6.72529007115146	0.981398368454154	6.85276263679221	7.24372263589405e-12	1.372432751503e-09
ENSDARG00000104396	trim25	tripartite motif containing 25 [Source:ZFIN;Acc:ZDB-GENE-040426-797]	1134.43567916479	2.32879439186761	0.21246268873916	10.9609569834949	5.88734833012308e-28	2.56951215243818e-25
ENSDARG00000104649	si:dkey-40c23.2	si:dkey-40c23.2 [Source:ZFIN;Acc:ZDB-GENE-030131-5958]	139.783926557427	2.12570363169962	0.310728153392019	6.8410396949703	7.86204654007955e-12	1.46684182813805e-09
ENSDARG00000105364	si:ch73-223f5.1	si:ch73-223f5.1 [Source:ZFIN;Acc:ZDB-GENE-160113-94]	246.059339256244	3.25198629910467	0.265877438391053	12.2311480010637	2.11922196391889e-34	1.32810010308056e-31
ENSDARG00000105562	si:dkey-23i12.7	si:dkey-23i12.7 [Source:ZFIN;Acc:ZDB-GENE-160728-52]	47.7507698454916	2.85417232644703	0.599640557821037	4.75980533541371	1.93779766104253e-06	0.00020772680979623
ENSDARG00000105614	si:ch211-212k18.13	si:ch211-212k18.13 [Source:ZFIN;Acc:ZDB-GENE-160728-93]	13.5329019677096	4.76291298082279	1.15658027275421	4.11809979214039	3.82009279020326e-05	0.0030512054864496
ENSDARG00000107280	FO744833.1	poly [ADP-ribose] polymerase 14-like [Source:NCBI gene;Acc:110440070]	81.1409032339639	2.97939636909582	0.413470685213093	7.20582250603887	5.76945165438315e-13	1.19500989732863e-10
ENSDARG00000110173	BX323861.3		129.070569938597	3.29951589185915	0.289400255213104	11.4012197032429	4.12301765770782e-30	2.0993890535841e-27
ENSDARG00000110288	CT583625.5	uncharacterized LOC101883331 [Source:NCBI gene;Acc:101883331]	87.2789486380224	3.03734033999327	0.902552786635686	3.36527722806675	0.00076466787142795	0.0400198018106435
ENSDARG00000110960	BX769173.1		109.498386369075	5.14821753965641	0.455381976068155	11.3052729581153	1.23569312461918e-29	6.16358686914639e-27
ENSDARG00000112454	FO744833.2	poly [ADP-ribose] polymerase 14 [Source:NCBI gene;Acc:562648]	1095.55681371304	2.23816562782008	0.224602210338398	9.96502048865833	2.16829152959363e-23	8.02957776890877e-21
ENSDARG00000112545	ftr50	finTRIM family, member 50 [Source:ZFIN;Acc:ZDB-GENE-080215-17]	22.3432579994369	2.21634785033229	0.563394389962567	3.93391892042011	8.35719844071702e-05	0.00617094522929198
ENSDARG00000113107	CABZ01085275.1	poly [ADP-ribose] polymerase 12-like [Source:NCBI gene;Acc:110439344]	164.452496442122	3.36848403485791	0.28704425733473	11.7350685435585	8.42580385240539e-32	4.6803425444691e-29
ENSDARG00000113386	LO018432.1		37.5946122719559	5.87246539323637	0.909779888983199	6.45481996727762	1.08347628196107e-10	1.85183523128745e-08
ENSDARG00000113458	CABZ01058333.1	E3 ubiquitin-protein ligase rnf213-alpha-like [Source:NCBI gene;Acc:100535316]	40.5674431416788	2.49743163755481	0.563835265576905	4.42936401822878	9.45113821752526e-06	0.000885039345496302
ENSDARG00000114454	CR762483.1	growth-regulated alpha protein-like [Source:NCBI gene;Acc:101883994]	99.8778179503428	3.0440890141181	0.806510791204465	3.7743934083907	0.000160397470713945	0.0106819470891541
ENSDARG00000114992	BX769173.3	finTRIM family, member 42 [Source:NCBI gene;Acc:567166]	83.0238537375162	8.92583031030566	1.22090339213078	7.31084078219153	2.65475952226253e-13	5.64217195509725e-11
ENSDARG00000115041	ftr50	finTRIM family, member 50 [Source:ZFIN;Acc:ZDB-GENE-080215-17]	29.8786389048578	2.63244076164203	0.629569836220545	4.18133241173876	2.89805815630975e-05	0.00241745526956882
ENSDARG00000116623	ftr50	finTRIM family, member 50 [Source:ZFIN;Acc:ZDB-GENE-080215-17]	7.84122198294488	5.49336979521409	1.41127358344581	3.89249105180676	9.92201603269122e-05	0.00711155407199431
ENSDARG00000117211	CR936462.1		199.701349249554	2.70671955533645	0.351085066336673	7.7095832744445	1.26229234330628e-14	2.93825592026178e-12
ENSDARG00000117508	CU459056.2		243.684739955079	5.74281916118007	0.3740665040674	15.3524015081161	3.41313754586682e-53	3.62697803297961e-50
ENSDARG00000117671	BX663525.2		96.4283742778664	3.00259099658661	0.315836987200066	9.50677443831059	1.96666036141703e-21	6.96625302802805e-19
